{"mean":{"confidence_interval":{"confidence_level":0.95,"lower_bound":725.1537352637374,"upper_bound":847.632568186373},"point_estimate":786.1664597291777,"standard_error":31.346688551036472},"median":{"confidence_interval":{"confidence_level":0.95,"lower_bound":674.1383164005806,"upper_bound":869.7604928763958},"point_estimate":754.090761223162,"standard_error":43.66956583640217},"median_abs_dev":{"confidence_interval":{"confidence_level":0.95,"lower_bound":300.3329261932805,"upper_bound":458.5956058035272},"point_estimate":410.34768450723385,"standard_error":41.66840946932384},"slope":{"confidence_interval":{"confidence_level":0.95,"lower_bound":934.2721717784217,"upper_bound":1053.978907076272},"point_estimate":997.895556794767,"standard_error":30.400502159666086},"std_dev":{"confidence_interval":{"confidence_level":0.95,"lower_bound":282.2243825691912,"upper_bound":342.6871928359726},"point_estimate":314.95661081723557,"standard_error":15.421516587498248}}