{"mean":{"confidence_interval":{"confidence_level":0.95,"lower_bound":461718.6062916667,"upper_bound":466554.06083333323},"point_estimate":463582.3350000001,"standard_error":1300.9419478155949},"median":{"confidence_interval":{"confidence_level":0.95,"lower_bound":461095.75,"upper_bound":461771.0},"point_estimate":461436.6666666666,"standard_error":172.87359535940755},"median_abs_dev":{"confidence_interval":{"confidence_level":0.95,"lower_bound":1193.4868013113746,"upper_bound":2115.4230624437478},"point_estimate":1696.0943698883057,"standard_error":258.02423327041936},"slope":null,"std_dev":{"confidence_interval":{"confidence_level":0.95,"lower_bound":2140.0122346349444,"upper_bound":21587.776793731406},"point_estimate":13006.875975292513,"standard_error":5982.537507926588}}