{"mean":{"confidence_interval":{"confidence_level":0.95,"lower_bound":212.1038449572348,"upper_bound":240.7292672340026},"point_estimate":224.1827577422916,"standard_error":7.41549314518942},"median":{"confidence_interval":{"confidence_level":0.95,"lower_bound":206.09595959595958,"upper_bound":226.5908878999788},"point_estimate":217.09024455077088,"standard_error":5.882330601281101},"median_abs_dev":{"confidence_interval":{"confidence_level":0.95,"lower_bound":29.621693986506514,"upper_bound":52.02865508872994},"point_estimate":42.15713122125827,"standard_error":5.60218954972314},"slope":{"confidence_interval":{"confidence_level":0.95,"lower_bound":238.57762588146716,"upper_bound":248.6518186920815},"point_estimate":244.12429893735643,"standard_error":2.564088784856946},"std_dev":{"confidence_interval":{"confidence_level":0.95,"lower_bound":32.42250266557765,"upper_bound":118.52519875113217},"point_estimate":74.6360655651684,"standard_error":27.744823071526962}}