{"mean":{"confidence_interval":{"confidence_level":0.95,"lower_bound":779.1810582236056,"upper_bound":1044.6112660526055},"point_estimate":909.8776368654571,"standard_error":67.94060620681032},"median":{"confidence_interval":{"confidence_level":0.95,"lower_bound":402.76346153846157,"upper_bound":692.7835748792271},"point_estimate":449.7049426450742,"standard_error":86.56043014882643},"median_abs_dev":{"confidence_interval":{"confidence_level":0.95,"lower_bound":107.22913543959055,"upper_bound":544.3007443369662},"point_estimate":197.2167337116019,"standard_error":124.0233535551729},"slope":{"confidence_interval":{"confidence_level":0.95,"lower_bound":1219.9882169131083,"upper_bound":1550.7214657596794},"point_estimate":1401.187976996207,"standard_error":84.23376867507271},"std_dev":{"confidence_interval":{"confidence_level":0.95,"lower_bound":617.1983319190679,"upper_bound":734.0121382822817},"point_estimate":686.1826160581287,"standard_error":29.83935190210843}}