{"mean":{"confidence_interval":{"confidence_level":0.95,"lower_bound":1228.636788592407,"upper_bound":1502.7479502068893},"point_estimate":1368.3675326073703,"standard_error":69.67339900507585},"median":{"confidence_interval":{"confidence_level":0.95,"lower_bound":1604.288475177305,"upper_bound":1793.6826774798556},"point_estimate":1669.0606971153848,"standard_error":57.01017544690179},"median_abs_dev":{"confidence_interval":{"confidence_level":0.95,"lower_bound":303.58098082067175,"upper_bound":693.622148961766},"point_estimate":513.021787736028,"standard_error":109.44429947172195},"slope":{"confidence_interval":{"confidence_level":0.95,"lower_bound":1778.9456232097555,"upper_bound":1910.0452670596742},"point_estimate":1853.1973559184278,"standard_error":33.46276224567609},"std_dev":{"confidence_interval":{"confidence_level":0.95,"lower_bound":634.5946573782245,"upper_bound":748.1818633826315},"point_estimate":701.0890503657536,"standard_error":28.97698319662031}}