{"mean":{"confidence_interval":{"confidence_level":0.95,"lower_bound":151.35967454996074,"upper_bound":159.65972810681282},"point_estimate":155.28199453152118,"standard_error":2.1240040841284067},"median":{"confidence_interval":{"confidence_level":0.95,"lower_bound":145.44830687416908,"upper_bound":153.19438623673392},"point_estimate":148.41657753367303,"standard_error":1.8013198001390804},"median_abs_dev":{"confidence_interval":{"confidence_level":0.95,"lower_bound":8.73255306860986,"upper_bound":17.3272107363756},"point_estimate":13.728075621355147,"standard_error":2.0619232258546036},"slope":{"confidence_interval":{"confidence_level":0.95,"lower_bound":148.7057409508645,"upper_bound":154.64414140666472},"point_estimate":151.55002714422824,"standard_error":1.5131715124676515},"std_dev":{"confidence_interval":{"confidence_level":0.95,"lower_bound":15.313398982015077,"upper_bound":26.39964918147661},"point_estimate":21.30229013442567,"standard_error":2.8374323243484714}}