{"mean":{"confidence_interval":{"confidence_level":0.95,"lower_bound":3044049.421333332,"upper_bound":3067333.876583332},"point_estimate":3054214.466666667,"standard_error":5992.115583597455},"median":{"confidence_interval":{"confidence_level":0.95,"lower_bound":3035921.3333333335,"upper_bound":3040192.833333333},"point_estimate":3038670.833333333,"standard_error":1144.050606197748},"median_abs_dev":{"confidence_interval":{"confidence_level":0.95,"lower_bound":7003.802275657654,"upper_bound":11516.836595535278},"point_estimate":8840.249443053968,"standard_error":1129.2961996220322},"slope":null,"std_dev":{"confidence_interval":{"confidence_level":0.95,"lower_bound":28566.33362271464,"upper_bound":90761.89608968097},"point_estimate":60251.253457657236,"standard_error":17704.872951355293}}