{"mean":{"confidence_interval":{"confidence_level":0.95,"lower_bound":461180.94670833333,"upper_bound":465399.7384999999},"point_estimate":463058.7983333332,"standard_error":1088.1731410503842},"median":{"confidence_interval":{"confidence_level":0.95,"lower_bound":459809.5833333334,"upper_bound":460291.8333333333},"point_estimate":460012.6666666666,"standard_error":131.31140215373247},"median_abs_dev":{"confidence_interval":{"confidence_level":0.95,"lower_bound":749.5747479423603,"upper_bound":1403.651525080204},"point_estimate":1146.791079640302,"standard_error":166.20178700932019},"slope":null,"std_dev":{"confidence_interval":{"confidence_level":0.95,"lower_bound":4601.644689727778,"upper_bound":15914.621430465806},"point_estimate":10906.344079956452,"standard_error":2928.545312774733}}