{"mean":{"confidence_interval":{"confidence_level":0.95,"lower_bound":743.3288275362728,"upper_bound":908.6925556131182},"point_estimate":826.0725227638465,"standard_error":42.228680040954494},"median":{"confidence_interval":{"confidence_level":0.95,"lower_bound":730.554883126978,"upper_bound":880.4136712749616},"point_estimate":795.9134694079569,"standard_error":38.1836579863734},"median_abs_dev":{"confidence_interval":{"confidence_level":0.95,"lower_bound":314.1203361849313,"upper_bound":540.3511021084902},"point_estimate":425.96399034809457,"standard_error":54.99488835092273},"slope":{"confidence_interval":{"confidence_level":0.95,"lower_bound":986.8242177463165,"upper_bound":1183.887455946972},"point_estimate":1088.5457954875892,"standard_error":50.2689257858626},"std_dev":{"confidence_interval":{"confidence_level":0.95,"lower_bound":371.04567149245105,"upper_bound":470.1606664819302},"point_estimate":424.16204814818775,"standard_error":25.219226454262476}}