{"mean":{"confidence_interval":{"confidence_level":0.95,"lower_bound":1116.6858683504702,"upper_bound":1524.1511899836933},"point_estimate":1321.0410160967797,"standard_error":104.13303828917316},"median":{"confidence_interval":{"confidence_level":0.95,"lower_bound":356.1105476673428,"upper_bound":2256.822988505747},"point_estimate":995.6070402298851,"standard_error":718.335942566944},"median_abs_dev":{"confidence_interval":{"confidence_level":0.95,"lower_bound":217.0696869233725,"upper_bound":1570.6374047243078},"point_estimate":1170.7857328591751,"standard_error":385.9978346288217},"slope":{"confidence_interval":{"confidence_level":0.95,"lower_bound":1935.1975288236088,"upper_bound":2219.866004930364},"point_estimate":2094.932522739665,"standard_error":72.90697611345135},"std_dev":{"confidence_interval":{"confidence_level":0.95,"lower_bound":1004.1755246566178,"upper_bound":1068.0116229531327},"point_estimate":1044.101117605458,"standard_error":16.255132513565485}}