{"mean":{"confidence_interval":{"confidence_level":0.95,"lower_bound":643.6324376237403,"upper_bound":712.3643926318974},"point_estimate":678.6888982236408,"standard_error":17.56079083496177},"median":{"confidence_interval":{"confidence_level":0.95,"lower_bound":709.8317459441563,"upper_bound":784.5242026266417},"point_estimate":746.7695471357229,"standard_error":18.294939938132966},"median_abs_dev":{"confidence_interval":{"confidence_level":0.95,"lower_bound":88.82547539571557,"upper_bound":192.83017179896964},"point_estimate":131.72491055815283,"standard_error":25.6529261268405},"slope":{"confidence_interval":{"confidence_level":0.95,"lower_bound":787.9010263292729,"upper_bound":815.3834687097099},"point_estimate":802.6562286562839,"standard_error":7.03175533101413},"std_dev":{"confidence_interval":{"confidence_level":0.95,"lower_bound":155.49853132586213,"upper_bound":192.29529324403333},"point_estimate":176.1919880555322,"standard_error":9.38544789500945}}