{"mean":{"confidence_interval":{"confidence_level":0.95,"lower_bound":378.33507268028114,"upper_bound":478.8615327445553},"point_estimate":429.28855367276265,"standard_error":25.710320732540158},"median":{"confidence_interval":{"confidence_level":0.95,"lower_bound":585.1895910641749,"upper_bound":621.776784199198},"point_estimate":616.0404279877964,"standard_error":21.43272539784937},"median_abs_dev":{"confidence_interval":{"confidence_level":0.95,"lower_bound":23.2705623249377,"upper_bound":88.07950914815362},"point_estimate":33.493202593855926,"standard_error":28.002510426728442},"slope":{"confidence_interval":{"confidence_level":0.95,"lower_bound":565.5089705919818,"upper_bound":606.8256004251571},"point_estimate":589.1719700129216,"standard_error":10.581863639396115},"std_dev":{"confidence_interval":{"confidence_level":0.95,"lower_bound":235.58263292311685,"upper_bound":270.93111596382465},"point_estimate":257.84662414993386,"standard_error":9.051397113154165}}