{"mean":{"confidence_interval":{"confidence_level":0.95,"lower_bound":492.4687698953076,"upper_bound":508.16227451123257},"point_estimate":499.77930888258066,"standard_error":4.002641451598991},"median":{"confidence_interval":{"confidence_level":0.95,"lower_bound":483.8165644802368,"upper_bound":506.05895922962486},"point_estimate":492.46873316403946,"standard_error":6.638266809014625},"median_abs_dev":{"confidence_interval":{"confidence_level":0.95,"lower_bound":26.122068065047372,"upper_bound":37.50282742988553},"point_estimate":32.82744280803949,"standard_error":2.92237204904258},"slope":{"confidence_interval":{"confidence_level":0.95,"lower_bound":484.8234251770003,"upper_bound":497.05886381810785},"point_estimate":490.9454036864802,"standard_error":3.1278253257879274},"std_dev":{"confidence_interval":{"confidence_level":0.95,"lower_bound":27.19710268715165,"upper_bound":54.78219422423507},"point_estimate":40.178834857532635,"standard_error":7.524869242522928}}