{"mean":{"confidence_interval":{"confidence_level":0.95,"lower_bound":430.85825985423827,"upper_bound":552.6240963230578},"point_estimate":483.80882991458253,"standard_error":31.489386339972214},"median":{"confidence_interval":{"confidence_level":0.95,"lower_bound":383.646045557442,"upper_bound":404.86890343757125},"point_estimate":394.3377649853801,"standard_error":5.681346395958857},"median_abs_dev":{"confidence_interval":{"confidence_level":0.95,"lower_bound":30.423997399024845,"upper_bound":62.98598100498108},"point_estimate":44.18842591465693,"standard_error":7.999173154257495},"slope":{"confidence_interval":{"confidence_level":0.95,"lower_bound":370.7211279944438,"upper_bound":385.03975715446876},"point_estimate":377.39970883272537,"standard_error":3.6325991439506105},"std_dev":{"confidence_interval":{"confidence_level":0.95,"lower_bound":133.95970240802257,"upper_bound":477.20176630770493},"point_estimate":315.4493583511942,"standard_error":93.46688783297049}}