{"mean":{"confidence_interval":{"confidence_level":0.95,"lower_bound":477632.6216249998,"upper_bound":491756.73804166657},"point_estimate":484475.08833333326,"standard_error":3610.3221761649493},"median":{"confidence_interval":{"confidence_level":0.95,"lower_bound":463246.5,"upper_bound":464629.8333333333},"point_estimate":463767.5,"standard_error":344.50079917877855},"median_abs_dev":{"confidence_interval":{"confidence_level":0.95,"lower_bound":1682.874520122976,"upper_bound":4300.898973643809},"point_estimate":2895.517748594284,"standard_error":648.2837585298062},"slope":null,"std_dev":{"confidence_interval":{"confidence_level":0.95,"lower_bound":30918.582173493523,"upper_bound":40322.615278771365},"point_estimate":36345.55120637469,"standard_error":2407.6992103509656}}